{
    "name": "demo",
    "version": "1.0.0",
    "description": "A Vue.js project",
    "author": "qinuoyun <qinuoyun@qq.com>",
    "entry":
    {
        "app": "./src/main.js"
    },
    "dependencies":
    {
        "vue": "^2.5.2",
        "moment": "^2.5.2",
        "vue-router": "3.0.0",
        "velocity-animate": "^2.5.2",
        "vue-focus": "^2.5.2",
        "dayjs": "2.3.2"
    },
    "phprouter":
    {
        "pages": "./src/pages"
    },
    "build":
    {
        "template": "app.html",
        "url": "",
        "path": "static",
        "check": false
    }
}